channel,model,color,price,year
autokhass,با تخفیف رحمانی❌❌❌❌,,,
autokhass,دنا اپشنال سفید ۴۰۴ برج ۱۲,سفید,404.0,
autokhass,سلام خدمت همکاران و دوستان عزیز,,,
autokhass,با سلام و خسته نباشید خدمت همگی همکاران و دوستان عزیز,,,
autokhass,با سلام خدمت همکاران و دوستان عزیز,,,
autokhass,با سلام خدمت همکاران گرامی,,,
autokhass,با سلام خدمت همکاران گرامی,,,
autokhass,با سلام,,,
autokhass,⚡️گالری اتو خاص دز⚡️   🚙,,,
autokhass,دوستان از امروز,,,
autokhass,❗️❗️❗️❗️❗️❗️❗️❗️❗️❗️❗️❗️❗️,,,
autokhass,توجه ؛ توجه ؛ ‼️‼️,,,
autokhass,توجه ؛ توجه ؛ ‼️‼️,,,
autokhass,توجه ؛ توجه ؛ ‼️‼️,,,
autokhass,https://t.me/autokhass,,,
autokhass,💢توجه مهم توجه مهم💢,,,
autokhass,⚡️گالری اتو خاص دز⚡️   🚙,,,
tamasha_car,🌴🚘🌴,,,
tamasha_car,🌴🚘🌴,,,
tamasha_car,🌴🚘🌴,,,
tamasha_car,🌴🚘🌴,,,
tamasha_car,🌴🌴🚘🚘🚘🌴🌴,,,
tamasha_car,🌴🚘🌴,,,
tamasha_car,🌴🚘🌴,,,
tamasha_car,🌴🚘🌴,,,
tamasha_car,🌴🚘🌴,,,
tamasha_car,🌴🚘🌴,,,
tamasha_car,🌴🚘🌴,,,
tamasha_car,🌴🚘🌴,,,
tamasha_car,🌴🚘🌴,,,
tamasha_car,🌴🚘🌴,,,
tamasha_car,🌴🚘🌴,,,
tamasha_car,🌴🚘🌴,,,
tamasha_car,🌴🚘🌴,,,
tamasha_car,🌴🚘🌴,,,
tamasha_car,🌴🚘🌴,,,
tamasha_car,🌴🚘🌴,,,
tamasha_car,🌴🚘🌴,,,
tamasha_car,🌴🚘🌴,,,
tamasha_car,🌴🚘🌴,,,
tamasha_car,🌴🚘🌴,,,
tamasha_car,🌴🚘🌴,,,
tamasha_car,🌴🚘🌴,,,
tamasha_car,🌴🚘🌴,,,
tamasha_car,🌴🚘🌴,,,
tamasha_car,🌴🚘🌴,,,
tamasha_car,🌴🚘🌴,,,
tamasha_car,🌴🚘🌴,,,
tamasha_car,🌴🚘🌴,,,
tamasha_car,🌴🚘🌴,,,
tamasha_car,🌴🚘🌴,,,
tamasha_car,🌴🚘🌴,,,
tamasha_car,🌴🚘🌴,,,
tamasha_car,🌴🚘🌴,,,
tamasha_car,🌴🚘🌴,,,
tamasha_car,🌴🚘🌴,,,
tamasha_car,🌴🚘🌴,,,
tamasha_car,🌴🚘🌴,,,
tamasha_car,🌴🚘🌴,,,
tamasha_car,🌴🚘🌴,,,
tamasha_car,🌴🚘🌴,,,
tamasha_car,🌴🚘🌴,,,
tamasha_car,🌴🚘🌴,,,
tamasha_car,🌴🚘🌴,,,
tamasha_car,🌴🚘🌴,,,
tamasha_car,🌴🚘🌴,,,
tamasha_car,🌴🚘🌴,,,
tamasha_car,🌴🚘🌴,,,
tamasha_car,🌴🚘🌴,,,
tamasha_car,🌴🚘🌴,,,
tamasha_car,🌴🚘🌴,,,
tamasha_car,🌴🚘🌴,,,
tamasha_car,🌴🚘🌴,,,
tamasha_car,🌴🚘🌴,,,
tamasha_car,🌴🚘🌴,,,
tamasha_car,🌴🚘🌴,,,
tamasha_car,🌴🚘🌴,,,
tamasha_car,🌴🚘🌴,,,
tamasha_car,🌴🚘🌴,,,
tamasha_car,🌴🚘🌴,,,
tamasha_car,🌴🚘🌴,,,
tamasha_car,🌴🚘🌴,,,
tamasha_car,🌴🚘🌴,,,
tamasha_car,🌴🚘🌴,,,
tamasha_car,🌴🚘🌴,,,
tamasha_car,🌴🚘🌴,,,
tamasha_car,🌴🚘🌴,,,
tamasha_car,🌴🚘🌴,,,
tamasha_car,🌴🚘🌴,,,
tamasha_car,🌴🚘🌴,,,
tamasha_car,🌴🚘🌴,,,
tamasha_car,🌴🚘🌴,,,
tamasha_car,🌴🚘🌴,,,
tamasha_car,🌴🚘🌴,,,
tamasha_car,🌴🚘🌴,,,
tamasha_car,🌴🚘🌴,,,
tamasha_car,🌴🚘🌴,,,
tamasha_car,🌴🚘🌴,,,
tamasha_car,🌴🚘🌴,,,
tamasha_car,🌴🚘🌴,,,
tamasha_car,🌴🚘🌴,,,
tamasha_car,🌴🚘🌴,,,
tamasha_car,🌴🚘🌴,,,
tamasha_car,🌴🚘🌴,,,
tamasha_car,🌴🚘🌴,,,
tamasha_car,🌴🚘🌴,,,
tamasha_car,🌴🚘🌴,,,
tamasha_car,🌴🚘🌴,,,
tamasha_car,🌴🚘🌴,,,
tamasha_car,🌴🚘🌴,,,
tamasha_car,🌴🚘🌴,,,
tamasha_car,🌴🚘🌴,,,
tamasha_car,🌴🚘🌴,,,
tamasha_car,🌴🚘🌴,,,
tamasha_car,🌴🚘🌴,,,
tamasha_car,🌴🚘🌴,,,
tamasha_car,🌴🚘🌴,,,
tamasha_car,🌴🚘🌴,,,
tamasha_car,🌴🚘🌴,,,
tamasha_car,🌴🚘🌴,,,
tamasha_car,🌴🚘🌴,,,
tamasha_car,🌴🚘🌴,,,
tamasha_car,🌴🚘🌴,,,
tamasha_car,🌴🚘🌴,,,
tamasha_car,🌴🚘🌴,,,
tamasha_car,🌴🚘🌴,,,
tamasha_car,🌴🚘🌴,,,
tamasha_car,🌴🚘🌴,,,
tamasha_car,🌴🚘🌴,,,
tamasha_car,🌴🚘🌴,,,
tamasha_car,🌴🚘🌴,,,
tamasha_car,🌴🚘🌴,,,
tamasha_car,🌴🚘🌴,,,
tamasha_car,🌴🚘🌴,,,
tamasha_car,🌴🚘🌴,,,
tamasha_car,🌴🚘🌴,,,
tamasha_car,🌴🚘🌴,,,
tamasha_car,🌴🚘🌴,,,
tamasha_car,🌴🚘🌴,,,
tamasha_car,🌴🌴🚘🚘🚘🌴🌴,,,
tamasha_car,🌴🚘🌴,,,
tamasha_car,🌴🚘🌴,,,
tamasha_car,🌴🚘🌴,,,
tamasha_car,🌴🚘🌴,,,
tamasha_car,🌴🚘🌴,,,
tamasha_car,🌴🚘🌴,,,
tamasha_car,🌴🚘🌴,,,
tamasha_car,🌴🚘🌴,,,
tamasha_car,🌴🚘🌴,,,
tamasha_car,🌴🚘🌴,,,
tamasha_car,🌴🚘🌴,,,
tamasha_car,🌴🚘🌴,,,
tamasha_car,🌴🚘🌴,,,
tamasha_car,🌴🚘🌴,,,
tamasha_car,🌴🚘🌴,,,
tamasha_car,🌴🚘🌴,,,
tamasha_car,🌴🚘🌴,,,
tamasha_car,🌴🚘🌴,,,
tamasha_car,🌴🚘🌴,,,
tamasha_car,🌴🚘🌴,,,
tamasha_car,🌴🚘🌴,,,
tamasha_car,🌴🚘🌴,,,
tamasha_car,🌴🚘🌴,,,
tamasha_car,🌴🚘🌴,,,
tamasha_car,🌴🚘🌴,,,
tamasha_car,🌴🚘🌴,,,
tamasha_car,🌴🚘🌴,,,
tamasha_car,🌴🚘🌴,,,
tamasha_car,🌴🚘🌴,,,
tamasha_car,🌴🚘🌴,,,
tamasha_car,🌴🚘🌴,,,
tamasha_car,🌴🚘🌴,,,
tamasha_car,🌴🚘🌴,,,
tamasha_car,🌴🚘🌴,,,
tamasha_car,🌴🚘🌴,,,
tamasha_car,🌴🚘🌴,,,
tamasha_car,🌴🚘🌴,,,
tamasha_car,🌴🌴🚘🚘🚘🌴🌴,,,
tamasha_car,🌴🚘🌴,,,
tamasha_car,🌴🌴🚘🚘🚘🌴🌴,,,
tamasha_car,🌴🚘🌴,,,
sourenacars,**دیگنیتی ‌پرایم مشکی داخل مشکی🖤,مشکی,,
sourenacars,**پراید 151 سفید,سفید,151.0,
sourenacars,**دنا پلاس توربو 6 دنده مشکی**🖤**,مشکی,6000.0,
sourenacars,**207 پانا دنده ارتقا یافته سفید,سفید,207.0,
sourenacars,**سورن پلاس موتور ef7 سفید,سفید,7000.0,
sourenacars,**تارا اتومات V4 تیتانیوم,تیتانیوم,4000.0,
sourenacars,**سورن موتور پارس (xu7) سفید,سفید,7000.0,
sourenacars,**تویوتا لوین 1200 سفید,سفید,1200.0,1200.0
sourenacars,**جک J7 سفید,سفید,7000.0,
sourenacars,**سهند سفید,سفید,,
sourenacars,**~~آریسان 2 سفید,سفید,2000.0,
sourenacars,**207 پانا دنده ارتقا یافته سفید,سفید,207.0,
sourenacars,**لاماری ایما قرمز رژ♥️,قرمز,,
sourenacars,**جک A5 سفید,سفید,5000.0,
sourenacars,**بایک بیجینگ ایکس ۵۵ سفید,سفید,55.0,
sourenacars,**آریزو 6 اکسلنت مشکی🖤,مشکی,6000.0,
sourenacars,**آریزو 6 پرو مشکی🖤,مشکی,6000.0,
sourenacars,**فیدلیتی پرایم سفید,سفید,,
sourenacars,‎🏎 🏎  🏎  **خودرو** **های** **صفر**  🏎 🏎 🏎,,,
sourenacars,**سمند lx سفید,سفید,,
sourenacars,**ساینا S اتومات سفید,سفید,,
sourenacars,**تیبا 2 خاکستری,خاکستری,2000.0,
sourenacars,**206 تیپ 2 سفید,سفید,206.0,
sourenacars,**♥️♥️♥️♥️♥️♥️♥️♥️♥️♥️♥️♥️,,,
sourenacars,**سورن پلاس موتور Ef7 سفید,سفید,7000.0,
sourenacars,**207 دنده پانا ارتقا سفید,سفید,207.0,
sourenacars,**فیدلیتی پرایم سفید,سفید,,
sourenacars,**فیدلیتی پرستیژ سفید,سفید,,
sourenacars,**آریزو 6 اکسلنت مشکی🖤,مشکی,6000.0,
sourenacars,**آریزو 6 پرو مشکی🖤,مشکی,6000.0,
sourenacars,**رسپکت 2 مشکی🖤,مشکی,2000.0,
sourenacars,**بایک بیجینگ ایکس ۵۵ سفید,سفید,55.0,
sourenacars,**207 پانا دنده ارتقا یافته مشکی🖤,مشکی,207.0,
sourenacars,**ری را سفید,سفید,,
sourenacars,**فولکس واگن تی راک سفید,سفید,,
sourenacars,**آریزو 5 FL سفید,سفید,5000.0,
sourenacars,~~**207 پانا دنده ارتقا یافته سفید,سفید,207.0,
sourenacars,~~**207 پانا دنده ارتقا یافته سفید,سفید,207.0,
sourenacars,**~~جک j4 سفید,سفید,4000.0,
sourenacars,**لاماری ایما قرمز رژ♥️,قرمز,,
sourenacars,**جک A5 سفید,سفید,5000.0,
sourenacars,**اطلس سفید سقف مشکی,سفید,,
sourenacars,**دنا پلاس توربو 6 دنده خاکستری,خاکستری,6000.0,
sourenacars,**هایما S7 پلاس سفید,سفید,7000.0,
sourenacars,**❌❌❌❌❌❌❌❌❌❌❌❌,,,
sourenacars,**۲۰۷ دنده سقف فلز سفید,سفید,207.0,
sourenacars,**❌❌❌❌❌❌❌❌❌❌❌❌,,,
sourenacars,**تارا دنده V1 سفید,سفید,1000.0,
sourenacars,**تارا دنده V1 مشکی🖤,مشکی,1000.0,
sourenacars,**~~رانا پلاس سقف فلز سفید,سفید,,
sourenacars,**~~آریزو 6 پرو مشکی🖤,مشکی,6000.0,
sourenacars,**__🔱🔱🔱اتو رمضانی🔱🔱🔱__,,,
sourenacars,**سهند سفید,سفید,,
sourenacars,**کوئیک RS سفید سقف سقف مشکی,سفید,,
sourenacars,**دنا پلاس توربو ۶ دنده مشکی🖤,مشکی,6000.0,
sourenacars,**207 دنده پانا ارتقا یافته تیتانیوم,تیتانیوم,207.0,
sourenacars,**جک X5 مشکی🖤,مشکی,5000.0,
sourenacars,**__~~پراید 151 سفید,سفید,151.0,
sourenacars,**~~207 پانا دنده ارتقا یافته مشکی🖤,مشکی,207.0,
sourenacars,**جک J7 خاکستری,خاکستری,7000.0,
sourenacars,**ام وی ام ایکس ۲۲ (x22) پرو دنده مشکی🖤,مشکی,22.0,
sourenacars,**~~سورن موتور پارس (xu7) سفید,سفید,7000.0,
sourenacars,**بنز Benz C Class C200 L سفید 🤍,سفید,200.0,
sourenacars,~~**ام وی ام mvm ایکس ۵۵ (x55) پرو سفید,سفید,55.0,
sourenacars,**کوئیک Gxr مشکی سقف قرمز,مشکی,,
sourenacars,**❌❌❌❌❌❌❌❌❌❌❌❌,,,
sourenacars,**سورن دوگانه سفید,سفید,,
sourenacars,**~~شاهین اتومات سفید,سفید,,
sourenacars,**دنا اتومات آپشنال مشکی🖤,مشکی,,
sourenacars,**کوئیک S  سفید,سفید,,
sourenacars,**~~سورن موتور پارس (xu7) سفید,سفید,7000.0,
sourenacars,https://t.me/sourenacars,,,
sourenacars,**۲۰۷ دنده موتور tu3 مشکی🖤,مشکی,207.0,
sourenacars,**سورن موتور پارس (xu7) سفید,سفید,7000.0,
sourenacars,**~~207 پانا اتومات ارتقا یافته سفید,سفید,207.0,
sourenacars,**~~تارا 5 دنده مشکی🖤,مشکی,5000.0,
sourenacars,**~~دیگنیتی ‌پرایم مشکی داخل مشکی🖤,مشکی,,
sourenacars,**فونیکس Fx مشکی🖤,مشکی,,
sourenacars,**دنا اتومات آپشنال مشکی🖤,مشکی,,
sourenacars,**جک J7 سفید,سفید,7000.0,
sourenacars,**بنز Benz C Class C200 L سفید 🤍,سفید,200.0,
sourenacars,~~**آریزو 5 Fl سفید,سفید,5000.0,
sourenacars,**آئودی Q5 سفید,سفید,5000.0,
sourenacars,**کوئیک Gxr سفید سقف مشکی,سفید,,
sourenacars,**نیسان دوگانه آبی💙,آبی,,
sourenacars,**~~207 پانا اتومات ارتقا یافته سفید,سفید,207.0,
sourenacars,**رانا پلاس سقف فلز ارتقا یافته سفید,سفید,,
sourenacars,**آریزو 8 پرو مشکی🖤,مشکی,8000.0,
sourenacars,**❌❌❌❌❌❌❌❌❌❌❌❌,,,
sourenacars,**پارس تیوفایو مشکی🖤,مشکی,,
sourenacars,**جک X5 سفید,سفید,5000.0,
sourenacars,**جک X5 مشکی🖤,مشکی,5000.0,
sourenacars,**چانگان Cs35 سفید,سفید,35.0,
sourenacars,**دیگنیتی ‌پرایم مشکی داخل مارون,مشکی,,
sourenacars,**لاماری ایما سفید,سفید,,
sourenacars,**دنا پلاس بورسی مشکی🖤,مشکی,,
sourenacars,**جک X5 مشکی🖤,مشکی,5000.0,
sourenacars,**BAC X3,,3000.0,
sourenacars,**فیدلیتی 7 نفره مشکی🖤,مشکی,7000.0,
sourenacars,**لاماری ایما سفید,سفید,,
sourenacars,**پارس سال سفید,سفید,,
sourenacars,~~**تیگو 7 پرو مشکی🖤,مشکی,7000.0,
sourenacars,**207 دنده پانا سفید,سفید,207.0,
sourenacars,~~**جک J7 مشکی🖤,مشکی,7000.0,
sourenacars,**تارا 5 دنده سفید,سفید,5000.0,
sourenacars,**❌❌❌❌❌❌❌❌❌❌❌❌,,,
sourenacars,**❌❌❌❌❌❌❌❌❌❌❌❌,,,
sourenacars,**نیسان تکسوز آپشنال آبی💙,آبی,,
sourenacars,**~~دیگنیتی ‌پرایم سفید داخل مشکی,سفید,,
sourenacars,**شاهین پلاس اتومات سفید~~,سفید,,
sourenacars,**سورن موتور پارس (xu7) سفید,سفید,7000.0,
sourenacars,**تویوتا کرولا کراس هیبرید سفید,سفید,,
sourenacars,~~**رسپکت 2 سفید,سفید,2000.0,
sourenacars,**چانگان Cs55 سفید,سفید,55.0,
sourenacars,~~**207 دنده سقف فلز فووول مشکی🖤,مشکی,207.0,
sourenacars,**رسپکت 2 سفید,سفید,2000.0,
sourenacars,**چانگان Cs55 خاکستری,خاکستری,55.0,
sourenacars,**دیگنیتی پرستیژ سفید داخل مشکی,سفید,,
sourenacars,**کوئیک اتومات سفید,سفید,,
sourenacars,**رسپکت 2 مشکی🖤,مشکی,2000.0,
sourenacars,**دنا پلاس سفید,سفید,,
sourenacars,**سورن موتور پارس (xu7) مشکی🖤,مشکی,7000.0,
sourenacars,~~**تارا دنده V1 تیتانیوم,تیتانیوم,1000.0,
sourenacars,**دنا پلاس بورسی خاکستری,خاکستری,,
sourenacars,**ایکستریم Lx مشکی🖤,مشکی,,
sourenacars,**کوئیک Gxr سفید سقف مشکی,سفید,,
sourenacars,**دنا پلاس بورسی مشکی🖤,مشکی,,
sourenacars,**~~رسپکت 2 مشکی🖤,مشکی,2000.0,
sourenacars,**جک T9 مشکی🖤,مشکی,9000.0,
sourenacars,**کوئیک GXR سفید سقف مشکی,سفید,,
sourenacars,**سورن موتور پارس (xu7) خاکستری,خاکستری,7000.0,
sourenacars,~~**تارا اتومات V4 سفید,سفید,4000.0,
sourenacars,**❗️❗️❗️❗️❗️❗️❗️❗️❗️❗️❗️❗️,,,
sourenacars,**۲۰۶ تیپ ۲ سفید,سفید,206.0,
sourenacars,**~~207 دنده سقف فلز فووول سفید,سفید,207.0,
sourenacars,**ام وی ام mvm ایکس ۵۵ (x55) پرو خاکستری,خاکستری,55.0,
sourenacars,~~**جک j4 مشکی🖤,مشکی,4000.0,
sourenacars,**~~سورن موتور پارس (xu7) سفید,سفید,7000.0,
sourenacars,**با نام و یاد خدا♥️,,,
sourenacars,**❌❌❌❌❌❌❌❌❌❌❌❌,,,
sourenacars,**دنا پلاس بورسی سفید,سفید,,
sourenacars,**~~دنا پلاس بورسی سفید,سفید,,
sourenacars,**~~جک J4 سفید,سفید,4000.0,
sourenacars,**بنز تک کمپرسی,,,
sourenacars,**~~دنا پلاس بورسی سفید,سفید,,
sourenacars,**سورن موتور پارس (xu7) مشکی🖤,مشکی,7000.0,
sourenacars,**۲۰۷ پانا اتومات ارتقا یافته مشکی🖤,مشکی,207.0,
sourenacars,**نیسان سیلفی خاکستری,خاکستری,,
sourenacars,**~~سورن موتور پارس (xu7) سفید,سفید,7000.0,
sourenacars,**~~ساینا دوگانه سفید,سفید,,
sourenacars,**تیبا صندوقدار سفید,سفید,,
sourenacars,**~~🤟استثنائی ترین و نوترین سورنتو مدل 2008🤟,,2008.0,2008.0
sourenacars,~~**آریزو 5 FL مشکی🖤,مشکی,5000.0,
sourenacars,**سورن موتور پارس (xu7) مشکی🖤,مشکی,7000.0,
sourenacars,**~~کوئیک S سفید,سفید,,
sourenacars,**207 دنده پانا ارتقا یافته سفید,سفید,207.0,
sourenacars,**207 دنده سقف فلز مشکی🖤,مشکی,207.0,
sourenacars,**سورن موتور پارس (xu7) سفید,سفید,7000.0,
sourenacars,**پادرا پلاس تک کابین سفید,سفید,,
sourenacars,**~~دنا اتومات آپشنال سفید,سفید,,
sourenacars,**~~سورن پلاس فووول سفید,سفید,,
sourenacars,**~~شاهین فووول سفید,سفید,,
sourenacars,**❌❌❌❌❌❌❌❌❌❌❌❌,,,
sourenacars,**~~شاهین اتومات سفید,سفید,,
sourenacars,**سهند سفید,سفید,,
sourenacars,~~**جک J7 مشکی🖤,مشکی,7000.0,
sourenacars,**سهند سفید,سفید,,
sourenacars,**آریسان 2 خاکستری,خاکستری,2000.0,
sourenacars,**207 دنده سقف فلز مشکی🖤,مشکی,207.0,
sourenacars,~~**207 پانا اتومات ارتقا یافته سفید,سفید,207.0,
sourenacars,**~~207 دنده پانا ارتقا مشکی🖤,مشکی,207.0,
sourenacars,**ام وی ام ایکس ۳۳ کراس (x33 cross) اتومات‌ مشکی🖤,مشکی,33.0,
sourenacars,**ام وی ام ایکس 22 پرو دنده سفید,سفید,22.0,
sourenacars,**207 پانا اتومات ارتقا یافته مشکی🖤,مشکی,207.0,
sourenacars,**❌❌❌❌❌❌❌❌❌❌❌❌,,,
sourenacars,**خودرو های کارکرده,,,
sourenacars,~~**سورن دوگانه مشکی🖤,مشکی,,
sourenacars,~~**لاماری ایما سفید,سفید,,
sourenacars,**سورن پلاس فوول سفید,سفید,,
sourenacars,**دنا اتومات مشکی🖤,مشکی,,
sourenacars,**~~دنا اتومات آپشنال سفید,سفید,,
sourenacars,**❌❌❌❌❌❌❌❌❌❌❌❌,,,
sourenacars,**۲۰۷ اتومات فلز سفید,سفید,207.0,
sourenacars,**207 دنده سقف فلز سفید,سفید,207.0,
sourenacars,**~~ام وی ام ایکس ۳۳ کراس (x33) دنده مشکی🖤,مشکی,33.0,
sourenacars,**فیدیلیتی پرستیژ ۵ نفره سفید,سفید,5000.0,
sourenacars,**آریزو 8 پرو اتومات مشکی🖤,مشکی,8000.0,
sourenacars,~~**سهند سفید,سفید,,
sourenacars,**دنا پلاس بورسی مشکی🖤,مشکی,,
sourenacars,**سهند سفید,سفید,,
sourenacars,**🖤🖤🖤🖤🖤🖤🖤🖤🖤🖤🖤🖤,,,
sourenacars,**سهند سفید,سفید,,
sourenacars,**~~207 پانا دنده ارتقا یافته سفید,سفید,207.0,
sourenacars,**سورن موتور پارس (xu7) سفید,سفید,7000.0,
sourenacars,**کوئیک Gxrl سفید سقف مشکی,سفید,,
sourenacars,**~~کوئیک Gxrl سفید سقف مشکی,سفید,,
sourenacars,**۲۰۷ دنده سقف فلز مشکی🖤,مشکی,207.0,
